feature,bin,count,bad_rate,woe,points
PAY_1,-1,3383,0.169,0.331,94.7
PAY_1,-2,1666,0.121,0.726,103.8
PAY_1,0,8805,0.128,0.663,102.3
PAY_1,1,2245,0.335,-0.573,74.1
PAY_1,2,1635,0.697,-2.089,39.4
PAY_1,3,184,0.761,-2.408,32.1
PAY_1,4,41,0.732,-2.234,36.1
PAY_1,5,12,0.417,-0.948,65.5
PAY_1,6,9,0.667,-1.878,44.3
PAY_1,7,7,0.857,-2.725,24.9
PAY_1,8,13,0.462,-1.115,61.7
PAY_3,-1,3529,0.154,0.445,90.7
PAY_3,-2,2455,0.171,0.318,89.7
PAY_3,0,9488,0.179,0.265,89.3
PAY_3,1,2,0.0,0.351,89.9
PAY_3,2,2289,0.514,-1.314,76.9
PAY_3,3,144,0.597,-1.65,74.2
PAY_3,4,49,0.612,-1.706,73.8
PAY_3,5,12,0.583,-1.569,74.9
PAY_3,6,16,0.562,-1.495,75.4
PAY_3,7,14,0.786,-2.448,67.9
PAY_3,8,2,1.0,-2.868,64.6
PAY_6,-1,3422,0.172,0.311,90.2
PAY_6,-2,2967,0.189,0.199,89.1
PAY_6,0,9722,0.189,0.199,89.1
PAY_6,2,1699,0.513,-1.309,74.5
PAY_6,3,118,0.61,-1.703,70.7
PAY_6,4,35,0.714,-2.146,66.4
PAY_6,5,6,0.667,-1.846,69.3
PAY_6,6,7,0.857,-2.725,60.8
PAY_6,7,23,0.826,-2.725,60.8
PAY_6,8,1,1.0,-2.357,64.3
LIMIT_BAL,"(-inf, 30000.0]",2447,0.369,-0.721,81.6
LIMIT_BAL,"(100000.0, 140000.0]",1661,0.228,-0.041,86.9
LIMIT_BAL,"(140000.0, 180000.0]",1997,0.169,0.331,89.7
LIMIT_BAL,"(180000.0, 210000.0]",1557,0.182,0.24,89.0
LIMIT_BAL,"(210000.0, 270000.0]",1762,0.165,0.365,90.0
LIMIT_BAL,"(270000.0, 360000.0]",2070,0.146,0.507,91.1
LIMIT_BAL,"(30000.0, 50000.0]",2138,0.268,-0.252,85.2
LIMIT_BAL,"(360000.0, inf]",1483,0.117,0.763,93.1
LIMIT_BAL,"(50000.0, 70000.0]",924,0.293,-0.38,84.3
LIMIT_BAL,"(70000.0, 100000.0]",1961,0.24,-0.108,86.4
AVG_PAY_AMT,"(-inf, 413.15]",1800,0.304,-0.43,80.7
AVG_PAY_AMT,"(11901.8, inf]",1800,0.096,0.98,102.0
AVG_PAY_AMT,"(1316.667, 1780.7]",1793,0.266,-0.244,83.5
AVG_PAY_AMT,"(1780.7, 2420.167]",1800,0.251,-0.167,84.7
AVG_PAY_AMT,"(2420.167, 3366.467]",1800,0.199,0.134,89.2
AVG_PAY_AMT,"(3366.467, 4755.533]",1800,0.174,0.298,91.7
AVG_PAY_AMT,"(413.15, 917.1]",1800,0.306,-0.441,80.5
AVG_PAY_AMT,"(4755.533, 6867.267]",1800,0.167,0.346,92.4
AVG_PAY_AMT,"(6867.267, 11901.8]",1800,0.149,0.483,94.5
AVG_PAY_AMT,"(917.1, 1316.667]",1807,0.3,-0.412,81.0
UTILIZATION,"(-inf, 0.00422]",1800,0.243,-0.125,85.9
UTILIZATION,"(0.00422, 0.018]",1800,0.191,0.183,89.1
UTILIZATION,"(0.018, 0.0519]",1800,0.143,0.532,92.8
UTILIZATION,"(0.0519, 0.134]",1800,0.14,0.555,93.0
UTILIZATION,"(0.134, 0.287]",1800,0.171,0.322,90.6
UTILIZATION,"(0.287, 0.453]",1800,0.194,0.162,88.9
UTILIZATION,"(0.453, 0.615]",1800,0.234,-0.076,86.4
UTILIZATION,"(0.615, 0.756]",1800,0.261,-0.219,84.9
UTILIZATION,"(0.756, 0.89]",1800,0.302,-0.422,82.8
UTILIZATION,"(0.89, inf]",1800,0.332,-0.561,81.3
