threshold,approval_rate,default_rate_among_approved,profit_per_applicant
0.05,0.0145,0.022988505747126436,0.0125
0.06,0.06766666666666667,0.04187192118226601,0.050666666666666665
0.07,0.1285,0.05188067444876784,0.0885
0.08,0.19333333333333333,0.05086206896551724,0.13433333333333333
0.09,0.25366666666666665,0.06110381077529566,0.16066666666666668
0.1,0.30883333333333335,0.06745817593092283,0.18383333333333332
0.11,0.369,0.07136404697380307,0.211
0.12,0.41783333333333333,0.08097327483047467,0.21483333333333332
0.13,0.46416666666666667,0.08545780969479354,0.22616666666666665
0.14,0.5,0.08933333333333333,0.232
0.15,0.54,0.09228395061728395,0.241
0.16,0.5746666666666667,0.09483758700696056,0.24766666666666667
0.17,0.599,0.10072342793544797,0.237
0.18,0.625,0.10426666666666666,0.234
0.19,0.6458333333333334,0.1055483870967742,0.23683333333333334
0.2,0.6655,0.10818933132982719,0.2335
0.21,0.6821666666666667,0.11116540434888834,0.22716666666666666
0.22,0.7015,0.11285340936089332,0.2265
0.23,0.7126666666666667,0.1145930776426567,0.22266666666666668
0.24,0.7236666666666667,0.11607554122524183,0.21966666666666668
0.25,0.7351666666666666,0.1174336885060077,0.21716666666666667
0.26,0.7428333333333333,0.11936280008974647,0.21083333333333334
0.27,0.7531666666666667,0.12104447886700598,0.20616666666666666
0.28,0.762,0.12292213473315836,0.2
0.29,0.7683333333333333,0.12386117136659436,0.19733333333333333
0.3,0.7736666666666666,0.12494614390348988,0.19366666666666665
0.31,0.7803333333333333,0.12644169158479282,0.18833333333333332
0.32,0.7863333333333333,0.1267486222975837,0.18833333333333332
0.33,0.7958333333333333,0.12963350785340313,0.17683333333333334
0.34,0.8071666666666667,0.13318191203799298,0.16216666666666665
0.35,0.8165,0.13553786487038172,0.1525
0.36,0.824,0.1383495145631068,0.14
0.37,0.8305,0.13947421232189444,0.1355
0.38,0.8368333333333333,0.14240191196972715,0.12183333333333334
0.39,0.8421666666666666,0.1444686324955472,0.11216666666666666
0.4,0.8476666666666667,0.14648053480141565,0.10266666666666667
0.41,0.852,0.1467136150234742,0.102
0.42,0.8556666666666667,0.14783794312426957,0.09666666666666666
0.43,0.8613333333333333,0.14976780185758515,0.08733333333333333
0.44,0.8641666666666666,0.15043394406943106,0.08416666666666667
0.45,0.8676666666666667,0.15155589704187475,0.07866666666666666
0.46,0.8701666666666666,0.15322735108216817,0.07016666666666667
0.47,0.8743333333333333,0.15554708349218452,0.058333333333333334
0.48,0.8776666666666667,0.15685529813900495,0.051666666666666666
0.49,0.8796666666666667,0.1574460022735885,0.048666666666666664
0.5,0.8821666666666667,0.15870017003589645,0.042166666666666665
0.51,0.8858333333333334,0.1599247412982126,0.035833333333333335
0.52,0.8886666666666667,0.1609152288072018,0.030666666666666665
0.53,0.8903333333333333,0.16173717708723326,0.026333333333333334
0.54,0.8931666666666667,0.16327673073334578,0.018166666666666668
0.55,0.8955,0.16434021961660153,0.0125
0.56,0.8975,0.16564531104921076,0.0055
0.57,0.8996666666666666,0.16617265653945906,0.0026666666666666666
0.58,0.9011666666666667,0.16700573330867394,-0.0018333333333333333
0.59,0.903,0.16795865633074936,-0.007
0.6,0.9055,0.16896742131419104,-0.0125
0.61,0.9083333333333333,0.16972477064220184,-0.016666666666666666
0.62,0.911,0.17197219173069886,-0.029
0.63,0.9136666666666666,0.17402407880335644,-0.04033333333333333
0.64,0.917,0.17575427117411851,-0.05
0.65,0.9216666666666666,0.17739602169981916,-0.059333333333333335
0.66,0.9268333333333333,0.18000359647545405,-0.07416666666666667
0.67,0.931,0.18188327962764053,-0.085
0.68,0.9365,0.1845524114611141,-0.1005
0.69,0.942,0.18683651804670912,-0.114
0.7,0.9451666666666667,0.18867924528301888,-0.12483333333333334
0.71,0.9495,0.19062664560294892,-0.1365
0.72,0.9565,0.1949817041296393,-0.1625
0.73,0.9603333333333334,0.197500867754252,-0.17766666666666667
0.74,0.9651666666666666,0.20048350889311,-0.19583333333333333
0.75,0.97,0.2034364261168385,-0.214
0.76,0.9743333333333334,0.2057817310981868,-0.22866666666666666
0.77,0.9788333333333333,0.20841137408479482,-0.24516666666666667
0.78,0.9828333333333333,0.2104459894861794,-0.25816666666666666
0.79,0.9866666666666667,0.2125,-0.2713333333333333
0.8,0.9908333333333333,0.21530698065601345,-0.2891666666666667
